{
  "organizations": [],
  "uuid": "d2c20cd187389fdc2875ee2e51127aa6bfed50c6",
  "thread": {
    "social": {
      "gplus": {
        "shares": 0
      },
      "pinterest": {
        "shares": 0
      },
      "vk": {
        "shares": 0
      },
      "linkedin": {
        "shares": 0
      },
      "facebook": {
        "likes": 0,
        "shares": 0,
        "comments": 0
      },
      "stumbledupon": {
        "shares": 0
      }
    },
    "site_full": "www.reuters.com",
    "main_image": "https://s4.reutersmedia.net/resources_v2/images/rcom-default.png",
    "site_section": "http://www.reuters.com/resources/archive/us/20180227.html",
    "section_title": "Archive News &amp; Video for Tuesday, 27 Feb 2018 | Reuters.com",
    "url": "https://www.reuters.com/article/brief-kewaunee-scientific-q3-earnings-pe/brief-kewaunee-scientific-q3-earnings-per-share-0-31-idUSASB0C7X1",
    "country": "US",
    "domain_rank": 408,
    "title": "BRIEF-Kewaunee Scientific Q3 Earnings Per Share $0.31",
    "performance_score": 0,
    "site": "reuters.com",
    "participants_count": 1,
    "title_full": "",
    "spam_score": 0.995,
    "site_type": "news",
    "published": "2018-02-28T08:59:00.000+02:00",
    "replies_count": 0,
    "uuid": "d2c20cd187389fdc2875ee2e51127aa6bfed50c6"
  },
  "author": "Reuters Editorial",
  "url": "https://www.reuters.com/article/brief-kewaunee-scientific-q3-earnings-pe/brief-kewaunee-scientific-q3-earnings-per-share-0-31-idUSASB0C7X1",
  "ord_in_thread": 0,
  "title": "BRIEF-Kewaunee Scientific Q3 Earnings Per Share $0.31",
  "locations": [],
  "entities": {
    "persons": [],
    "locations": [],
    "organizations": [
      {
        "name": "reuters",
        "sentiment": "negative"
      },
      {
        "name": "kewaunee scientific corp",
        "sentiment": "negative"
      },
      {
        "name": "eikon",
        "sentiment": "none"
      }
    ]
  },
  "highlightText": "",
  "language": "english",
  "persons": [],
  "text": "Feb 27 (Reuters) - Kewaunee Scientific Corp:\n* KEWAUNEE SCIENTIFIC REPORTS RESULTS FOR THIRD QUARTER * Q3 EARNINGS PER SHARE $0.31 * Q3 SALES ROSE 25.7 PERCENT TO $38.19 MILLION Source text for Eikon: Further company coverage:\n ",
  "external_links": [
    "http://thomsonreuters.com/en/about-us/trust-principles.html"
  ],
  "published": "2018-02-28T08:59:00.000+02:00",
  "crawled": "2018-02-28T13:22:57.005+02:00",
  "highlightTitle": ""
}