{
  "organizations": [],
  "uuid": "5293252386bb424828d17b0ac60299cb52a8ecb9",
  "thread": {
    "social": {
      "gplus": {
        "shares": 0
      },
      "pinterest": {
        "shares": 0
      },
      "vk": {
        "shares": 0
      },
      "linkedin": {
        "shares": 0
      },
      "facebook": {
        "likes": 0,
        "shares": 0,
        "comments": 0
      },
      "stumbledupon": {
        "shares": 0
      }
    },
    "site_full": "www.reuters.com",
    "main_image": "https://s4.reutersmedia.net/resources_v2/images/rcom-default.png",
    "site_section": "http://www.reuters.com/resources/archive/us/20180227.html",
    "section_title": "Archive News &amp; Video for Tuesday, 27 Feb 2018 | Reuters.com",
    "url": "https://www.reuters.com/article/brief-strax-ab-result-for-period-jan-1-d/brief-strax-ab-result-for-period-jan-1-dec-31-2017-amounted-to-0-03-euros-per-share-idUSFWN1QH1E2",
    "country": "US",
    "domain_rank": 408,
    "title": "BRIEF-Strax Ab Result For Period Jan 1 - Dec 31 2017 amounted to 0.03 Euros Per Share​",
    "performance_score": 0,
    "site": "reuters.com",
    "participants_count": 1,
    "title_full": "",
    "spam_score": 0.258,
    "site_type": "news",
    "published": "2018-02-28T04:00:00.000+02:00",
    "replies_count": 0,
    "uuid": "5293252386bb424828d17b0ac60299cb52a8ecb9"
  },
  "author": "Reuters Editorial",
  "url": "https://www.reuters.com/article/brief-strax-ab-result-for-period-jan-1-d/brief-strax-ab-result-for-period-jan-1-dec-31-2017-amounted-to-0-03-euros-per-share-idUSFWN1QH1E2",
  "ord_in_thread": 0,
  "title": "BRIEF-Strax Ab Result For Period Jan 1 - Dec 31 2017 amounted to 0.03 Euros Per Share​",
  "locations": [],
  "entities": {
    "persons": [
      {
        "name": "strax ab",
        "sentiment": "negative"
      }
    ],
    "locations": [],
    "organizations": [
      {
        "name": "reuters",
        "sentiment": "negative"
      },
      {
        "name": "eikon",
        "sentiment": "none"
      }
    ]
  },
  "highlightText": "",
  "language": "english",
  "persons": [],
  "text": "Feb 27 (Reuters) - Strax Ab:\n* ‍GROUP‘S SALES FOR PERIOD JANUARY 1 - DECEMBER 31, 2017, AMOUNTED TO MEUR 100.6​\n* ‍GROUP‘S RESULT FOR PERIOD JANUARY 1 - DECEMBER 31, 2017, AMOUNTED TO EUR 0.03 PER SHARE​ Source text for Eikon: Further company coverage:\n ",
  "external_links": [
    "http://thomsonreuters.com/en/about-us/trust-principles.html"
  ],
  "published": "2018-02-28T04:00:00.000+02:00",
  "crawled": "2018-02-28T12:54:04.073+02:00",
  "highlightTitle": ""
}